<?xml version="1.0" encoding="UTF-8"?>
<beans xmlns="http://www.springframework.org/schema/beans"
	xmlns:xsi="http://www.w3.org/2001/XMLSchema-instance"
	xmlns:mvc="http://www.springframework.org/schema/mvc"
	xmlns:p="http://www.springframework.org/schema/p"
	xmlns:context="http://www.springframework.org/schema/context"
	xmlns:tx="http://www.springframework.org/schema/tx"
	xmlns:jdbc="http://www.springframework.org/schema/jdbc"
	xsi:schemaLocation="http://www.springframework.org/schema/beans http://www.springframework.org/schema/beans/spring-beans.xsd
						http://www.springframework.org/schema/context http://www.springframework.org/schema/context/spring-context.xsd
						http://www.springframework.org/schema/tx http://www.springframework.org/schema/tx/spring-tx.xsd
						http://www.springframework.org/schema/jdbc http://www.springframework.org/schema/jdbc/spring-jdbc.xsd 
						http://www.springframework.org/schema/mvc http://www.springframework.org/schema/mvc/spring-mvc-4.0.xsd">
	<context:component-scan
		base-package="com.wipro" />
	<mvc:annotation-driven />
	<bean id="viewResolver"
		class="org.springframework.web.servlet.view.InternalResourceViewResolver">
		<property name="prefix">
			<value>/WEB-INF/pages/</value>
		</property>
		<property name="suffix">
			<value>.jsp</value>
		</property>
	</bean>

	<!-- Support annotation -->
	<context:annotation-config />
	<!-- 
	support annotation transaction 
	<tx:annotation-driven
		transaction-manager="txManager" />
		<bean id="dataSource" class="org.springframework.jdbc.datasource.SimpleDriverDataSource">
    <property name="driverClass" value="org.h2.Driver"/>
    <property name="url" value="jdbc:h2:mem:test;MODE=Oracle;DB_CLOSE_DELAY=-1;DB_CLOSE_ON_EXIT=FALSE"/>
    <property name="username" value="sa"/>
    <property name="password" value=""/>
</bean>
		<jdbc:initialize-database data-source="dataSource" ignore-failures="DROPS">
    <jdbc:script location="classpath:schema.sql" />
 </jdbc:initialize-database>
		<bean id="txManager"
		class="org.springframework.jdbc.datasource.DataSourceTransactionManager">
		<property name="dataSource" ref="dataSource" />
	</bean>
	<bean id="jdbcTemplate"
		class="org.springframework.jdbc.core.JdbcTemplate">
		<property name="dataSource" ref="dataSource"></property>
	</bean>
	-->
	<!-- service 
	<bean id="registerService"
		class="com.wipro.service.RegisterServiceImpl" /> 
	<bean id="registerDao" class="com.wipro.dao.RegisterDAOImpl" />

	<bean id="h2WebServer" class="org.h2.tools.Server"
		factory-method="createWebServer" init-method="start"
		destroy-method="stop">
		<constructor-arg
			value="-web,-webAllowOthers,-webDaemon,-webPort,8082" />
	</bean>
	-->
</beans>
